{
  "tekaTeki": [
    {
      "id": 1,
      "pertanyaan": "Aku kecil di China, besar di Indonesia. Aku pagi-pagi ada dua, siang ada satu. Kalo malam aku gak ada. Aku adalah?",
      "jawaban": "a",
      "pilihan": {
        "a": "Huruf I",
        "b": "Angka 1",
        "c": "Titik",
        "d": "Koma"
      },
      "petunjuk": "Huruf alfabet",
      "kategori": "huruf"
    },
    {
      "id": 2,
      "pertanyaan": "Ada seseorang yang berjalan di tepi pantai tanpa memecah air. Ketika ia menoleh ke belakang, ia tidak menemukan jejak kakinya. Mengapa?",
      "jawaban": "b",
      "pilihan": {
        "a": "Karena dia berjalan di atas air",
        "b": "Karena ia berjalan mundur",
        "c": "Karena pasang surut",
        "d": "Karena dia terbang"
      },
      "petunjuk": "Arah berjalan",
      "kategori": "logika"
    },
    {
      "id": 3,
      "pertanyaan": "Aku selalu ada di atas presiden dan menteri, tapi aku tidak punya jabatan apapun dalam pemerintahan. Siapakah aku?",
      "jawaban": "c",
      "pilihan": {
        "a": "Mahkota",
        "b": "Topi",
        "c": "Peci",
        "d": "Jubah"
      },
      "petunjuk": "Aksesoris kepala",
      "kategori": "benda"
    },
    {
      "id": 4,
      "pertanyaan": "Tebak binatang apa yang jago renang?",
      "jawaban": "a",
      "pilihan": {
        "a": "Bebek",
        "b": "Kucing",
        "c": "Ayam",
        "d": "Burung"
      },
      "petunjuk": "Bukan ikan",
      "kategori": "hewan"
    },
    {
      "id": 5,
      "pertanyaan": "Apa nama sebuah benda yang kalau ditutup berubah jadi tongkat, tapi ketika dibuka malah jadi tenda?",
      "jawaban": "d",
      "pilihan": {
        "a": "Tongkat ajaib",
        "b": "Payung teduh",
        "c": "Tongkat pramuka",
        "d": "Payung"
      },
      "petunjuk": "Melindungi dari hujan",
      "kategori": "benda"
    },
    {
      "id": 6,
      "pertanyaan": "Saya ada jeruk lima kamu minta minta satu, sisanya berapa?",
      "jawaban": "a",
      "pilihan": {
        "a": "Lima",
        "b": "Empat",
        "c": "Tiga",
        "d": "Enam"
      },
      "petunjuk": "Kamu tidak dikasih",
      "kategori": "matematika"
    },
    {
      "id": 7,
      "pertanyaan": "Ikan apa yang punya kepala keras?",
      "jawaban": "b",
      "pilihan": {
        "a": "Ikan hiu",
        "b": "Ikan yang lagi pakai helm",
        "c": "Ikan lele",
        "d": "Ikan mas"
      },
      "petunjuk": "Bukan jenis ikan spesifik",
      "kategori": "lucu"
    },
    {
      "id": 8,
      "pertanyaan": "Kebo apa yg bikin kita lelah?",
      "jawaban": "c",
      "pilihan": {
        "a": "Kebo laut",
        "b": "Kebo hutan",
        "c": "Kebogor jalan kaki",
        "d": "Kebo gunung"
      },
      "petunjuk": "Kota di Jawa Barat",
      "kategori": "lucu"
    },
    {
      "id": 9,
      "pertanyaan": "Ada 5 orang yang berjalan dibawah 1 payung kecil tapi anehnya tidak seorang pun yang kehujanan, kenapa?",
      "jawaban": "d",
      "pilihan": {
        "a": "Karena payungnya besar",
        "b": "Karena mereka bergantian",
        "c": "Karena hujan rintik-rintik",
        "d": "Karena tidak hujan"
      },
      "petunjuk": "Kondisi cuaca",
      "kategori": "logika"
    },
    {
      "id": 10,
      "pertanyaan": "Ada bagian kita tidur dia berdiri- kita berdiri dia tidur",
      "jawaban": "b",
      "pilihan": {
        "a": "Mata",
        "b": "Jempol Kaki",
        "c": "Leher",
        "d": "Mulut"
      },
      "petunjuk": "Kondisi bagian",
      "kategori": "bagian tubuh"
    },
    {
      "id": 11,
      "pertanyaan": "Apa yang dipanggil ga dengar",
      "jawaban": "c",
      "pilihan": {
        "a": "Mixer",
        "b": "Batu",
        "c": "Badak",
        "d": "Orang Gila"
      },
      "petunjuk": "Kondisi Tertentu",
      "kategori": "Mahkluk hidup"
    },
    {
      "id": 12,
      "pertanyaan": "Aku lahir diarab- besar diarab- tinggal diarab - apakah aku ??",
      "jawaban": "d",
      "pilihan": {
        "a": "Kulkas",
        "b": "pinguwin",
        "c": "Anaconda",
        "d": "Unta"
      },
      "petunjuk": "Habitat",
      "kategori": "hewan"
    },
    {
      "id": 13,
      "pertanyaan": "Kenapa Superman bajunya pake huruf S?",
      "jawaban": "a",
      "pilihan": {
        "a": "Karena kalau pake M atau XL kegedean",
        "b": "Karena namanya Super",
        "c": "Karena simbol kekuatan",
        "d": "Karena dari planet S"
      },
      "petunjuk": "Ukuran baju",
      "kategori": "lucu"
    },
    {
      "id": 14,
      "pertanyaan": "Apa yang mempunyai 12 kaki dan bisa terbang ?",
      "jawaban": "b",
      "pilihan": {
        "a": "Monyet lagi kayang",
        "b": "6 ekor burung",
        "c": "Ikan mas salto depan",
        "d": "Ga tahu !!"
      },
      "petunjuk": "Kondisi Tubuh",
      "kategori": "lucu"
    },
    {
      "id": 15,
      "pertanyaan": "Apa yang membuat superman mati ?",
      "jawaban": "b",
      "pilihan": {
        "a": "Bermotor",
        "b": "Bercuda",
        "c": "Bersepeda",
        "d": "Panjat tebing"
      },
      "petunjuk": "Kondisi fisik",
      "kategori": "Crypto"
    },
    {
      "id": 16,
      "pertanyaan": "Aku punya kota tapi tidak punya rumah, punya hutan tapi tidak punya pohon, punya sungai tapi tidak punya air. Siapakah aku?",
      "jawaban": "a",
      "pilihan": {
        "a": "Peta",
        "b": "Mimpi",
        "c": "Khayalan",
        "d": "Gambar"
      },
      "petunjuk": "Benda untuk navigasi",
      "kategori": "benda"
    },
    {
      "id": 17,
      "pertanyaan": "Bisa berbicara berbagai bahasa, tapi tidak punya mulut. Bisa menceritakan banyak cerita, tapi tidak punya suara. Apakah aku?",
      "jawaban": "b",
      "pilihan": {
        "a": "Radio",
        "b": "Buku",
        "c": "TV",
        "d": "Telepon"
      },
      "petunjuk": "Sumber ilmu",
      "kategori": "benda"
    },
    {
      "id": 18,
      "pertanyaan": "Aku punya daun tapi bukan tumbuhan, punya kulit tapi bukan hewan, punya isi tapi bukan buah. Apakah aku?",
      "jawaban": "c",
      "pilihan": {
        "a": "Batu",
        "b": "Air",
        "c": "Buku",
        "d": "Baju"
      },
      "petunjuk": "Terdiri dari halaman",
      "kategori": "benda"
    },
    {
      "id": 19,
      "pertanyaan": "Apa yang naik tapi tidak pernah turun?",
      "jawaban": "d",
      "pilihan": {
        "a": "Pesawat",
        "b": "Balon",
        "c": "Asap",
        "d": "Usia"
      },
      "petunjuk": "Berhubungan dengan waktu",
      "kategori": "logika"
    },
    {
      "id": 20,
      "pertanyaan": "Aku punya kepala dan ekor, tapi tidak punya tubuh. Siapakah aku?",
      "jawaban": "a",
      "pilihan": {
        "a": "Koin",
        "b": "Ular",
        "c": "Ikan",
        "d": "Manusia"
      },
      "petunjuk": "Alat pembayaran",
      "kategori": "benda"
    },
    {
      "id": 21,
      "pertanyaan": "Apa yang semakin dibagi semakin bertambah?",
      "jawaban": "b",
      "pilihan": {
        "a": "Uang",
        "b": "Pengetahuan",
        "c": "Makanan",
        "d": "Tanah"
      },
      "petunjuk": "Berhubungan dengan ilmu",
      "kategori": "logika"
    },
    {
      "id": 22,
      "pertanyaan": "Aku punya banyak kunci tapi tidak bisa membuka pintu. Aku punya ruang tapi tidak bisa dimasuki. Siapakah aku?",
      "jawaban": "c",
      "pilihan": {
        "a": "Penjaga",
        "b": "Gembok",
        "c": "Piano",
        "d": "Komputer"
      },
      "petunjuk": "Alat musik",
      "kategori": "benda"
    },
    {
      "id": 23,
      "pertanyaan": "Apa yang selalu datang tapi tidak pernah sampai?",
      "jawaban": "d",
      "pilihan": {
        "a": "Tamu",
        "b": "Surat",
        "c": "Paket",
        "d": "Besok"
      },
      "petunjuk": "Berhubungan dengan waktu",
      "kategori": "logika"
    },
    {
      "id": 24,
      "pertanyaan": "Aku bisa berjalan tanpa kaki, bisa menangis tanpa mata. Apakah aku?",
      "jawaban": "a",
      "pilihan": {
        "a": "Awan",
        "b": "Manusia",
        "c": "Hantu",
        "d": "Air"
      },
      "petunjuk": "Di langit",
      "kategori": "alam"
    },
    {
      "id": 25,
      "pertanyaan": "Apa yang harus dipatahkan sebelum digunakan?",
      "jawaban": "b",
      "pilihan": {
        "a": "Pensil",
        "b": "Telur",
        "c": "Kaca",
        "d": "Tulang"
      },
      "petunjuk": "Bahan makanan",
      "kategori": "logika"
    },
    {
      "id": 26,
      "pertanyaan": "Aku punya sungai tapi tidak punya air, punya jalan tapi tidak punya mobil, punya kota tapi tidak punya penduduk. Siapakah aku?",
      "jawaban": "c",
      "pilihan": {
        "a": "Lautan",
        "b": "Gurun",
        "c": "Papan catur",
        "d": "Peta"
      },
      "petunjuk": "Permainan papan",
      "kategori": "permainan"
    },
    {
      "id": 27,
      "pertanyaan": "Apa yang punya wajah tapi tidak punya kepala?",
      "jawaban": "a",
      "pilihan": {
        "a": "Jam",
        "b": "Topeng",
        "c": "Cermin",
        "d": "Lukisan"
      },
      "petunjuk": "Penunjuk waktu",
      "kategori": "benda"
    },
    {
      "id": 28,
      "pertanyaan": "Aku lebih ringan dari bulu, tapi tidak bisa diangkat bahkan oleh orang terkuat sekalipun. Apakah aku?",
      "jawaban": "c",
      "pilihan": {
        "a": "Asap",
        "b": "Bayangan",
        "c": "Napas",
        "d": "Cahaya"
      },
      "petunjuk": "Keluar dari hidung",
      "kategori": "logika"
    },
    {
      "id": 29,
      "pertanyaan": "Apa yang punya tangan tapi tidak bisa memegang?",
      "jawaban": "b",
      "pilihan": {
        "a": "Manusia",
        "b": "Jam",
        "c": "Robot",
        "d": "Boneka"
      },
      "petunjuk": "Penunjuk waktu",
      "kategori": "benda"
    },
    {
      "id": 30,
      "pertanyaan": "Aku punya mata tapi tidak bisa melihat, punya sayap tapi tidak bisa terbang. Apakah aku?",
      "jawaban": "d",
      "pilihan": {
        "a": "Burung mati",
        "b": "Pesawat rusak",
        "c": "Malaikat",
        "d": "Pineapple (nanas)"
      },
      "petunjuk": "Buah-buahan",
      "kategori": "buah"
    },
    {
      "id": 31,
      "pertanyaan": "Apa yang bisa dipotong tapi tidak pernah habis?",
      "jawaban": "a",
      "pilihan": {
        "a": "Kartu",
        "b": "Kue",
        "c": "Rambut",
        "d": "Kertas"
      },
      "petunjuk": "Dalam permainan",
      "kategori": "permainan"
    },
    {
      "id": 32,
      "pertanyaan": "Aku punya kaki tapi tidak bisa berjalan, punya punggung tapi tidak bisa membungkuk. Siapakah aku?",
      "jawaban": "c",
      "pilihan": {
        "a": "Manusia lumpuh",
        "b": "Kursi",
        "c": "Gunung",
        "d": "Pohon"
      },
      "petunjuk": "Bentuk alam",
      "kategori": "alam"
    },
    {
      "id": 33,
      "pertanyaan": "Apa yang semakin banyak kamu ambil, semakin besar yang tersisa?",
      "jawaban": "b",
      "pilihan": {
        "a": "Uang",
        "b": "Lubang",
        "c": "Makanan",
        "d": "Tanah"
      },
      "petunjuk": "Berhubungan dengan penggalian",
      "kategori": "logika"
    },
    {
      "id": 34,
      "pertanyaan": "Aku selalu basah saat bekerja, tapi tidak pernah mandi. Apakah aku?",
      "jawaban": "a",
      "pilihan": {
        "a": "Lidah",
        "b": "Ikan",
        "c": "Penyelam",
        "d": "Tong sampah"
      },
      "petunjuk": "Organ tubuh",
      "kategori": "bagian tubuh"
    },
    {
      "id": 35,
      "pertanyaan": "Apa yang bisa berjalan di atas air tapi tidak tenggelam?",
      "jawaban": "c",
      "pilihan": {
        "a": "Manusia ajaib",
        "b": "Kapal",
        "c": "Cahaya matahari",
        "d": "Angin"
      },
      "petunjuk": "Berhubungan dengan alam",
      "kategori": "alam"
    },
    {
      "id": 36,
      "pertanyaan": "Aku punya mulut tapi tidak bisa bicara, punya tempat tidur tapi tidak pernah tidur. Apakah aku?",
      "jawaban": "d",
      "pilihan": {
        "a": "Manusia bisu",
        "b": "Patung",
        "c": "Boneka",
        "d": "Sungai"
      },
      "petunjuk": "Aliran air",
      "kategori": "alam"
    },
    {
      "id": 37,
      "pertanyaan": "Apa yang bisa menembus kaca tanpa memecahkannya?",
      "jawaban": "a",
      "pilihan": {
        "a": "Cahaya",
        "b": "Suara",
        "c": "Air",
        "d": "Angin"
      },
      "petunjuk": "Berhubungan dengan fisika",
      "kategori": "sains"
    },
    {
      "id": 38,
      "pertanyaan": "Aku selalu mengikuti kamu di bawah sinar matahari, tapi menghilang di malam hari. Apakah aku?",
      "jawaban": "b",
      "pilihan": {
        "a": "Teman",
        "b": "Bayangan",
        "c": "Cinta",
        "d": "Hantu"
      },
      "petunjuk": "Berhubungan dengan cahaya",
      "kategori": "fisika"
    },
    {
      "id": 39,
      "pertanyaan": "Apa yang punya kota, tapi tidak punya rumah; punya gunung, tapi tidak punya batu; punya sungai, tapi tidak punya air?",
      "jawaban": "c",
      "pilihan": {
        "a": "Mimpi",
        "b": "Peta",
        "c": "Papan catur",
        "d": "Gambar"
      },
      "petunjuk": "Permainan strategi",
      "kategori": "permainan"
    },
    {
      "id": 40,
      "pertanyaan": "Aku bisa membuat orang menangis, membuat orang tertawa, tapi aku sendiri tidak punya perasaan. Apakah aku?",
      "jawaban": "d",
      "pilihan": {
        "a": "Manusia",
        "b": "Hantu",
        "c": "Malaikat",
        "d": "Bawang"
      },
      "petunjuk": "Bahan masakan",
      "kategori": "benda"
    },
    {
      "id": 41,
      "pertanyaan": "Apa yang punya gigi tapi tidak bisa makan?",
      "jawaban": "a",
      "pilihan": {
        "a": "Gergaji",
        "b": "Hiu",
        "c": "Manusia tua",
        "d": "Vampir"
      },
      "petunjuk": "Alat pertukangan",
      "kategori": "benda"
    },
    {
      "id": 42,
      "pertanyaan": "Aku punya kepala dan ekor, tapi tidak punya tubuh. Siapakah aku?",
      "jawaban": "b",
      "pilihan": {
        "a": "Ular",
        "b": "Koin",
        "c": "Ikan",
        "d": "Cacing"
      },
      "petunjuk": "Alat pembayaran",
      "kategori": "benda"
    },
    {
      "id": 43,
      "pertanyaan": "Apa yang bisa dibuka tapi tidak bisa ditutup?",
      "jawaban": "c",
      "pilihan": {
        "a": "Pintu",
        "b": "Jendela",
        "c": "Telur",
        "d": "Payung"
      },
      "petunjuk": "Bahan makanan",
      "kategori": "logika"
    },
    {
      "id": 44,
      "pertanyaan": "Aku punya banyak lubang tapi masih bisa menampung air. Apakah aku?",
      "jawaban": "d",
      "pilihan": {
        "a": "Jaring",
        "b": "Saringan",
        "c": "Spons",
        "d": "Laut"
      },
      "petunjuk": "Bentuk alam",
      "kategori": "alam"
    },
    {
      "id": 45,
      "pertanyaan": "Apa yang bisa berbicara semua bahasa di dunia?",
      "jawaban": "a",
      "pilihan": {
        "a": "Gema",
        "b": "Manusia jenius",
        "c": "Komputer",
        "d": "Radio"
      },
      "petunjuk": "Berhubungan dengan suara",
      "kategori": "fisika"
    },
    {
      "id": 46,
      "pertanyaan": "Aku selalu lapar, semakin banyak yang kau beri untuk dimakan, semakin cepat aku mati. Apakah aku?",
      "jawaban": "b",
      "pilihan": {
        "a": "Manusia",
        "b": "Api",
        "c": "Binatang",
        "d": "Monster"
      },
      "petunjuk": "Unsur alam",
      "kategori": "alam"
    },
    {
      "id": 47,
      "pertanyaan": "Apa yang bisa berjalan tanpa kaki, menangis tanpa mata?",
      "jawaban": "c",
      "pilihan": {
        "a": "Hantu",
        "b": "Bayangan",
        "c": "Awan",
        "d": "Angin"
      },
      "petunjuk": "Di langit",
      "kategori": "alam"
    },
    {
      "id": 48,
      "pertanyaan": "Aku punya daun tapi bukan tumbuhan, punya kulit tapi bukan hewan, punya isi tapi bukan buah. Apakah aku?",
      "jawaban": "d",
      "pilihan": {
        "a": "Bumi",
        "b": "Batu",
        "c": "Air",
        "d": "Buku"
      },
      "petunjuk": "Sumber ilmu",
      "kategori": "benda"
    },
    {
      "id": 49,
      "pertanyaan": "Apa yang semakin lama semakin pendek?",
      "jawaban": "a",
      "pilihan": {
        "a": "Lilin",
        "b": "Rambut",
        "c": "Kuku",
        "d": "Hidup"
      },
      "petunjuk": "Sumber cahaya",
      "kategori": "benda"
    },
    {
      "id": 50,
      "pertanyaan": "Aku bisa pergi keliling dunia tanpa bergerak dari sudutku. Apakah aku?",
      "jawaban": "b",
      "pilihan": {
        "a": "Pesawat",
        "b": "Perangko",
        "c": "Mata uang",
        "d": "Paspor"
      },
      "petunjuk": "Alat pengiriman",
      "kategori": "benda"
    }
  ]
}
